{
  "population": [
    0.0,
    1.0101010101010102,
    2.0202020202020203,
    3.0303030303030303,
    4.040404040404041,
    5.050505050505051,
    6.0606060606060606,
    7.070707070707071,
    8.080808080808081,
    9.090909090909092,
    10.101010101010102,
    11.111111111111112,
    12.121212121212121,
    13.131313131313131,
    14.141414141414142,
    15.151515151515152,
    16.161616161616163,
    17.171717171717173,
    18.181818181818183,
    19.191919191919194,
    20.202020202020204,
    21.212121212121215,
    22.222222222222225,
    23.232323232323235,
    24.242424242424242,
    25.252525252525253,
    26.262626262626263,
    27.272727272727273,
    28.282828282828284,
    29.292929292929294,
    30.303030303030305,
    31.313131313131315,
    32.323232323232325,
    33.333333333333336,
    34.343434343434346,
    35.35353535353536,
    36.36363636363637,
    37.37373737373738,
    38.38383838383839,
    39.3939393939394,
    40.40404040404041,
    41.41414141414142,
    42.42424242424243,
    43.43434343434344,
    44.44444444444445,
    45.45454545454546,
    46.46464646464647,
    47.47474747474748,
    48.484848484848484,
    49.494949494949495,
    50.505050505050505,
    51.515151515151516,
    52.525252525252526,
    53.535353535353536,
    54.54545454545455,
    55.55555555555556,
    56.56565656565657,
    57.57575757575758,
    58.58585858585859,
    59.5959595959596,
    60.60606060606061,
    61.61616161616162,
    62.62626262626263,
    63.63636363636364,
    64.64646464646465,
    65.65656565656566,
    66.66666666666667,
    67.67676767676768,
    68.68686868686869,
    69.6969696969697,
    70.70707070707071,
    71.71717171717172,
    72.72727272727273,
    73.73737373737374,
    74.74747474747475,
    75.75757575757576,
    76.76767676767678,
    77.77777777777779,
    78.7878787878788,
    79.7979797979798,
    80.80808080808082,
    81.81818181818183,
    82.82828282828284,
    83.83838383838385,
    84.84848484848486,
    85.85858585858587,
    86.86868686868688,
    87.87878787878789,
    88.8888888888889,
    89.89898989898991,
    90.90909090909092,
    91.91919191919193,
    92.92929292929294,
    93.93939393939395,
    94.94949494949496,
    95.95959595959597,
    96.96969696969697,
    97.97979797979798,
    98.98989898989899,
    100.0
  ],
  "perfect_equality": [
    0.0,
    1.0101010101010102,
    2.0202020202020203,
    3.0303030303030303,
    4.040404040404041,
    5.050505050505051,
    6.0606060606060606,
    7.070707070707071,
    8.080808080808081,
    9.090909090909092,
    10.101010101010102,
    11.111111111111112,
    12.121212121212121,
    13.131313131313131,
    14.141414141414142,
    15.151515151515152,
    16.161616161616163,
    17.171717171717173,
    18.181818181818183,
    19.191919191919194,
    20.202020202020204,
    21.212121212121215,
    22.222222222222225,
    23.232323232323235,
    24.242424242424242,
    25.252525252525253,
    26.262626262626263,
    27.272727272727273,
    28.282828282828284,
    29.292929292929294,
    30.303030303030305,
    31.313131313131315,
    32.323232323232325,
    33.333333333333336,
    34.343434343434346,
    35.35353535353536,
    36.36363636363637,
    37.37373737373738,
    38.38383838383839,
    39.3939393939394,
    40.40404040404041,
    41.41414141414142,
    42.42424242424243,
    43.43434343434344,
    44.44444444444445,
    45.45454545454546,
    46.46464646464647,
    47.47474747474748,
    48.484848484848484,
    49.494949494949495,
    50.505050505050505,
    51.515151515151516,
    52.525252525252526,
    53.535353535353536,
    54.54545454545455,
    55.55555555555556,
    56.56565656565657,
    57.57575757575758,
    58.58585858585859,
    59.5959595959596,
    60.60606060606061,
    61.61616161616162,
    62.62626262626263,
    63.63636363636364,
    64.64646464646465,
    65.65656565656566,
    66.66666666666667,
    67.67676767676768,
    68.68686868686869,
    69.6969696969697,
    70.70707070707071,
    71.71717171717172,
    72.72727272727273,
    73.73737373737374,
    74.74747474747475,
    75.75757575757576,
    76.76767676767678,
    77.77777777777779,
    78.7878787878788,
    79.7979797979798,
    80.80808080808082,
    81.81818181818183,
    82.82828282828284,
    83.83838383838385,
    84.84848484848486,
    85.85858585858587,
    86.86868686868688,
    87.87878787878789,
    88.8888888888889,
    89.89898989898991,
    90.90909090909092,
    91.91919191919193,
    92.92929292929294,
    93.93939393939395,
    94.94949494949496,
    95.95959595959597,
    96.96969696969697,
    97.97979797979798,
    98.98989898989899,
    100.0
  ],
  "poer_lorenz": [
    2.7063746177389362e-05,
    0.000129238104867941,
    0.0002559306144802048,
    0.0004286513130680975,
    0.0006579531694811117,
    0.000893707301114625,
    0.0011915263970554977,
    0.0015189981758746362,
    0.001854607972115808,
    0.002239691001867502,
    0.002627581424726436,
    0.0030938453901677857,
    0.003612811868026978,
    0.004191511282528072,
    0.004817639246786895,
    0.005466159242394685,
    0.006129455989510415,
    0.006900321275413174,
    0.007680162309296416,
    0.008556109205491571,
    0.009432212209987204,
    0.01040356424156926,
    0.011451067902122008,
    0.01250935520643293,
    0.013577572035548347,
    0.014722990397479681,
    0.015887640238753477,
    0.0170590583589733,
    0.018321234951441386,
    0.019938145770470823,
    0.021657509073942215,
    0.023457006452304096,
    0.025344573284573506,
    0.02724007545653374,
    0.02924206687797605,
    0.031247377482583542,
    0.03331004750335964,
    0.03537933753580832,
    0.03757315091866942,
    0.039768345928694646,
    0.04201623968786167,
    0.04451877014639432,
    0.04703876765861588,
    0.049640324341870934,
    0.052328159926499716,
    0.05516966140106899,
    0.05846590713162075,
    0.06181694013258361,
    0.06527198971044444,
    0.0689361939124884,
    0.07282322748789179,
    0.07702649377119088,
    0.08125076636904605,
    0.0857749726836559,
    0.0903949440617317,
    0.0950593096652427,
    0.09975766429145924,
    0.10476825039960881,
    0.10985151273366357,
    0.1152077757748393,
    0.12120156588637497,
    0.12731614438101407,
    0.13344764144728763,
    0.139634299453431,
    0.14596805699458512,
    0.15240263964048717,
    0.15911438344586007,
    0.1661917212266902,
    0.17397049081350002,
    0.1824335379062787,
    0.19169843604382802,
    0.20100932205624197,
    0.21051956419713452,
    0.22067617053601696,
    0.23085857475259536,
    0.24114476795006798,
    0.2528165348823775,
    0.26504702048915063,
    0.2772947754692122,
    0.2895982960891996,
    0.30206946026846704,
    0.31515267346542164,
    0.3293900460480423,
    0.34408996691930965,
    0.35934824581934965,
    0.37575865401527847,
    0.3925175780972718,
    0.4127491014268745,
    0.4334007298150895,
    0.45743014413867106,
    0.48295490298018395,
    0.5118919086161716,
    0.5446154770869348,
    0.5847797289403498,
    0.630592206358325,
    0.6777109655384749,
    0.7396190286181662,
    0.8074016016545299,
    0.8757243432327599,
    0.9999999999999999
  ],