{
  "ginis": {
    "Original PoER": 0.8508132268709417,
    "F-PoER (Proposed)": 0.15929831643189882,
    "Weight-Based": 0.09177553432516411,
    "Category-Based": 0.09418841608100298
  },
  "utilities": {
    "Original PoER": -1175.2904760813287,
    "F-PoER (Proposed)": -3.899217180139605,
    "Weight-Based": -2.8885891355488122,
    "Category-Based": -3.003136213964486
  },
  "carbon_reduction": {
    "Original PoER": 351.5988503271386,
    "F-PoER (Proposed)": 59.2411498836853
  },
  "gini_over_time": {
    "Original PoER": [
      0.8299278546948077,
      0.9008770687121979,
      0.8648416656411595,
      0.858803689190123,
      0.8147960195276867,
      0.865493437376128,
      0.8213025380865107,
      0.8517820029502856,
      0.8491292259053276,
      0.8662705888796947,
      0.8344927167303215,
      0.8479398725757599,
      0.8631561259201377,
      0.8398291456442619,
      0.8388952026080809,
      0.8374886465445888,
      0.8371680153328676,
      0.8716078541010996,
      0.845929640758506,
      0.8470044828321457,
      0.8496462195627894,
      0.8300819193402931,
      0.8696791370909094,
      0.8372464494076082,
      0.8817220507556642,
      0.8820552405889572,
      0.8464450442670384,
      0.8114372317556018,
      0.8635843678537178,
      0.86576335149398
    ],
    "F-PoER": [
      0.21719457013574672,
      0.10763888888888906,
      0.19649122807017627,
      0.22105263157894695,
      0.25347806501313874,
      0.24715909090909105,
      0.24958949096880234,
      0.07826086956521783,
      0.16816816816816837,
      0.11846270368109546,
      0.19312027257731845,
      0.20295983086680702,
      0.11631091155574236,
      0.1261985771729035,
      0.1754152823920263,
      0.14841756966342912,
      0.1891029834728768,
      0.25080587578668223,
      0.20238416576597285,
      0.27533529705506576,
      0.10216718266253855,
      0.0972222222222221,
      0.18601411497462284,
      0.09722222222222232,
      0.19340329835082448,
      0.2610722610722609,
      0.09063804412641652,
      0.20753647884060578,
      0.14956680346557194,
      0,
      0.16933514246947023,
      0.18461044510529434,
      0.13027583914921848,
      0.2323539344815937,
      0.13462226996061588,
      0.2583326097530627,
      0.09722222222222232,
      0.21346153846153793,
      0.20295983086680702,
      0.21508649852495254,
      0.09063804412641585,
      0.23524375790503593,
      0.22757309317288055,
      0.22025236728182462,
      0.17757190849276383,
      0.14423480083857565,
      0.08672086720867078,
      0.19312555491586725,
      0.14956680346557194,
      0.2252560885326107,
      0.12919580896750937,
      0.2130706341931572,
      0.15343882013276477,
      0.0906380441264163,
      0.1964912280701756,
      0.09492419248516737,
      0.07676261994159339,
      0.09492419248516804,
      0.0798185941043088,
      0.2543855034884821,
      0.10452174763945066,
      0.16475972540045736,
      0.1417069243156195,
      0.207701804270912,
      0.09659849762841066,
      0,
      0.16148390616475772,
      0.16148390616475772,
      0.12820512820512886,
      0.11059907834101335,
      0.12236652236652179,
      4.440892098500626e-16,
      0.1819354838709677,
      0.2171945701357476,
      0.1996753246753249,
      0.10483210483210481,
      0.1813387356849585,
      0.22044202637780197,
      0.07393145937620416,
      0.14329699771335558,
      8.881784197001252e-16,
      0.19647213475045366,
      0.2839204221029865,
      0.08863636363636296,
      6.661338147750939e-16,
      0.2134615384615386,
      0.18329637841832924,
      0.2651072124756335,
      0.1553011448481827,
      0.30102504912879535,
      0.09492419248516737,
      0.23519871799775727,
      0.2759148960205189,
      0.18922484822990393,
      0.17541528239202675,
      0.09963369963369928,
      0.092731829573935,
      0.16527026529898547,
      0.12425328554360782,
      6.661338147750939e-16,
      0.13690476190476275,
      0.17927170868347408,
      0.09722222222222276,
      0.22105263157894783,
      0.22916666666666696,
      0.2171945701357474,
      0.17541528239202675,
      0.08863636363636318,
      0.21719457013574606,
      0.21739782623398907,
      0.20295983086680836,
      0.2526696410213136,
      0.15530114484818247,
      0.18180712156197498,
      0.2116402116402114,
      0.1670767581836341,
      0.08488612836438825,
      0.19967532467532534,
      0.25310011377793296,
      0.19242738928123093,
      0.19967532467532512,
      0.1717171717171717,
      0.1656882823373358,
      0,
      0.07826086956521694,
      0.1060241108666502,
      0.17927170868347342,
      0.17577146877506555,
      0.1442348008385752,
      0.16217296984478535,
      0.07826086956521738,
      0.15833333333333344,
      0.07393145937620305,
      0.10483210483210459,
      0.10763888888888906,
      0.11059907834101446,
      4.440892098500626e-16,
      0.2866473516021535,
      0.1324137931034488,
      0.07826086956521783,
      0.08672086720867234,
      0.21218056038162758,
      0.22378149241444611,
      0.24949060586432048,
      0.08488612836438891,
      0.11477920504232242,
      0.26813248436488735,
      0.24636420495767197,
      0.1150852404524314,
      0.13690476190476208,
      0.17171717171717127,
      0.24134934210437198,
      0.08488612836438936,
      0.19938859363073447,
      0.15530114484818247,
      0.15530114484818314,
      0,
      0.09063804412641696,
      0.1717171717171715,
      0.2292659793944205,
      0.15833333333333366,
      0.18695070488102572,
      0.2680264629788367,
      0.1647597254004578,
      0.15530114484818425,
      0.092731829573935,
      0.22681264729505735,
      0.12425328554360826,
      0.18749999999999978,
      0.1560228097039189,
      0.26111916743202657,
      0.15238095238095228,
      0.10483210483210459,
      0.14956680346557305,
      0.16148390616475705,
      0.10483210483210414,
      0.13690476190476208,
      0.1521016273060971,
      0.1991081058042321,
      0.14170692431561926
    ],