{
  "results": {
    "carbon_reduction": [
      331.77098105931424,
      375.7957512310089,
      346.6772365907487,
      345.7772748903609,
      320.4545598386638,
      338.7687407788198,
      354.2202804493111,
      361.652461814112,
      367.5409380457014,
      368.1368344596916,
      376.10434229441324,
      371.37235334217354,
      382.22059832397605,
      356.66227401721534,
      374.09803536968843,
      346.3992441144678,
      313.9557957692403,
      343.97376450219247,
      321.6221966771282,
      350.49518969088973,
      344.1926170216191,
      372.87355565437593,
      346.3258909389841,
      365.26472019573436,
      352.97979366494064,
      346.79066848404216,
      347.58707376536734,
      347.3446004757099,
      336.09487580212715,
      340.81286055213906
    ],
    "utility_poer": [
      -1101.6780545115887,
      -1443.3522043197725,
      -1349.1756022294924,
      -1103.2845728576115,
      -880.8149173615523,
      -1285.6949595162437,
      -1235.4532464907345,
      -1517.2253457031113,
      -1055.1061821113963,
      -1044.4093840499538,
      -965.0034843210566,
      -1327.032581279588,
      -1384.4305690755207,
      -1183.0248954835042,
      -1371.8767386522786,
      -902.4915219684843,
      -1117.9373643758788,
      -1219.0587637467877,
      -1328.4739424214304,
      -952.2696901804239,
      -924.245184779073,
      -1073.6183165854936,
      -1295.5386296040688,
      -1364.1970702665985,
      -1164.0552290773478,
      -1362.4882426859115,
      -1041.7479499492727,
      -1120.6898158270499,
      -1108.0724720103633,
      -1036.2673509982724
    ],
    "utility_poer_plus": [
      -204.30513552557474,
      -260.90865178239613,
      -244.73211823457484,
      -200.43593947962302,
      -163.44721885176602,
      -237.2458225408646,
      -228.4230729123804,
      -275.6620083653405,
      -193.5015888422434,
      -193.20529250067048,
      -179.5947449933452,
      -241.41275493810073,
      -256.5484110788021,
      -214.56931542016937,
      -253.51113509777468,
      -167.72863287758318,
      -203.11644952959483,
      -224.5122378122017,
      -241.99003184049548,
      -174.72614310405515,
      -171.23979725605506,
      -196.9400816977226,
      -234.5206808008632,
      -250.0598477778545,
      -215.59888790462162,
      -249.47119796649574,
      -192.46480341481998,
      -208.52538124781114,
      -202.25876349617374,
      -191.7999636782101
    ],
    "utility_weight": [
      -742.9784294571376,
      -826.3495285128843,
      -714.645405896638,
      -794.9384828117968,
      -679.3722197641655,
      -768.1973707040646,
      -726.8362049794637,
      -749.5441928623499,
      -775.6922014590101,
      -745.6893188212794,
      -830.4141125746941,
      -747.0706493639019,
      -814.324571713582,
      -715.5523608957092,
      -786.9908053142104,
      -734.2982190406444,
      -677.3307911857933,
      -734.50081462338,
      -676.3568138881553,
      -741.1128786613773,
      -713.2552612920819,
      -737.2644258959551,
      -743.5315979002221,
      -813.9874947964145,
      -746.2610797720158,
      -707.8932437241268,
      -679.888629432601,
      -728.9599528131911,
      -709.6893643367083,
      -721.9039550538425
    ],
    "utility_category": [
      -660.8119038589164,
      -736.9554637717014,
      -638.2031390750686,
      -714.5356923631913,
      -611.9427625757677,
      -687.8807336636935,
      -648.7124975761259,
      -665.5144223415616,
      -693.291031178853,
      -679.425364204305,
      -731.3357006855734,
      -674.8985303982969,
      -730.8429971388229,
      -637.0752233499294,
      -703.415218100854,
      -658.3795642867124,
      -607.3677393991953,
      -653.1074773604748,
      -609.2932297402272,
      -670.1429092205792,
      -643.487700382999,
      -663.0168318172769,
      -655.5759975345278,
      -716.8270813926903,
      -674.0307469159876,
      -633.5083470674633,
      -608.474839342559,
      -643.6489793240555,
      -633.600223738174,
      -649.2261472282296
    ],
    "gini_poer": [
      0.8299278546948077,
      0.9008770687121979,
      0.8648416656411595,
      0.858803689190123,
      0.8147960195276867,
      0.865493437376128,
      0.8213025380865107,
      0.8517820029502856,
      0.8491292259053276,
      0.8662705888796947,
      0.8344927167303215,
      0.8479398725757599,
      0.8631561259201377,
      0.8398291456442619,
      0.8388952026080809,
      0.8374886465445888,
      0.8371680153328676,
      0.8716078541010996,
      0.845929640758506,
      0.8470044828321457,
      0.8496462195627894,
      0.8300819193402931,
      0.8696791370909094,
      0.8372464494076082,
      0.8817220507556642,
      0.8820552405889572,
      0.8464450442670384,
      0.8114372317556018,
      0.8635843678537178,
      0.86576335149398
    ],
    "gini_poer_plus": [
      0.8277717194043961,
      0.8977523109176588,
      0.8626601469709902,
      0.8533338611021442,
      0.8104092466072335,
      0.8614095119562462,
      0.81794898478151,
      0.848212725469293,
      0.8446558418931458,
      0.8639060639255098,
      0.8300134472504559,
      0.8442679206355412,
      0.8601188603095984,
      0.8368395726951017,
      0.8361765464012618,
      0.8342340134939816,
      0.8320726883246441,
      0.8674985319916106,
      0.8427751931564946,
      0.8438080469380826,
      0.8478765964359569,
      0.825803917809554,
      0.8635408149487009,
      0.8342247845593576,
      0.88167722697244,
      0.879511797585188,
      0.8448574910297091,
      0.809029434898779,
      0.8601360358845762,
      0.8630597362086614
    ],
    "gini_weight": [
      0.09784537779223479,
      0.09568003297291972,
      0.09059150167320706,
      0.10101035561972815,
      0.09333077653351718,
      0.09921001686525877,
      0.09030750132214838,
      0.091167477151187,
      0.09230265411982086,
      0.08872582283619534,
      0.09612441989572518,
      0.08841190685373745,
      0.09296755284993075,
      0.08810636150060436,
      0.09218228827047414,
      0.09319383267602288,
      0.09574919270053517,
      0.09334144810578349,
      0.09318977164289333,
      0.09252635997947856,
      0.09134798404265276,
      0.08665750530545413,
      0.0941855761829895,
      0.09758227686287757,
      0.09305734964917955,
      0.089557711765063,
      0.08625721890847005,
      0.0924223948296341,
      0.0925522328559496,
      0.09307034107947798
    ],
    "gini_category": [
      0.10029996763365956,
      0.09827006934723004,
      0.0929276723297554,
      0.1042701601646665,
      0.09670171202009814,
      0.10220765571864776,
      0.09260833301439986,
      0.09303753810113258,
      0.09488152643463654,
      0.09286247246722046,
      0.09747601366624314,
      0.09170516064284984,
      0.09599035205427064,
      0.0902622375049924,
      0.09502387127617506,
      0.09592147672929152,
      0.09850719206918468,
      0.09556077121543671,
      0.09654810320307528,
      0.09608376504127403,
      0.09463062708408843,
      0.08955944455183351,
      0.09577480128059723,
      0.09878039396306804,
      0.09653795881960092,
      0.09218040601394972,
      0.08884811871665921,
      0.0940784751145054,
      0.09504736944169534,
      0.0963331345546039
    ]
  },
  "summary": {
    "avg_carbon_reduction": 351.5988503271386,
    "std_carbon_reduction": 17.134693624104457,
    "avg_utility_poer": -1175.2904760813287,
    "avg_utility_poer_plus": -215.7485370322728,
    "avg_utility_weight": -742.82767925158,
    "avg_utility_category": -664.4842831677937,
    "avg_gini_poer": 0.8508132268709417,
    "avg_gini_poer_plus": 0.8475194356852608,
    "avg_gini_weight": 0.09275517476143834,
    "avg_gini_category": 0.09543055933916139,
    "utility_gain_poer_vs_weight": 58.218454819220966,
    "utility_gain_poer_plus_vs_weight": -70.95577573931472,