{
  "poer_gini": {
    "mean": 0.9249830174680901,
    "std": 0.007141953052723482
  },
  "fpoe_gini": {
    "mean": 0.27149961405570855,
    "std": 0.010090586718252264
  },
  "poer_carbon": {
    "mean": 1000.0,
    "std": 0.0
  },
  "fpoe_carbon": {
    "mean": 1000.0,
    "std": 0.0
  }
}